CustomerID,Frequency,MonetaryValue,ProductCategory,ProductCategoryEncoded,Recency,Cluster,PCA1,PCA2,PCA3
CUST0001,12,73.76,Electronics,0,256,3,-0.3526933851312156,0.058102235326762536,1.4349663140525735
CUST0002,6,548.9,Books,1,139,0,-0.07210295631730992,0.38341738968878875,-1.6533942317259587
CUST0003,11,241.02,Groceries,2,312,3,-0.06339929054361511,0.8994147691831661,0.9778025081840145
CUST0004,14,354.22,Clothing,3,149,1,1.0731345548570215,-0.5314755012649028,0.5509767589939311
CUST0005,7,265.17,Electronics,0,99,2,-0.7510985481371867,-0.5220129678858404,-0.7842456714012758
CUST0006,8,74.76,Clothing,3,76,2,-1.135602974040921,-1.124636583796601,-0.11955103114561852
CUST0007,9,53.49,Beauty,4,282,3,-1.1043322107707918,0.4926419496165888,1.0096253417393946
CUST0008,11,175.92,Beauty,4,109,1,-0.15504926622254347,-0.9234762863099962,0.31507310432783253
CUST0009,8,188.38,Books,1,188,3,-0.8314032924787307,0.013876239856364062,0.01621347073638804
CUST0010,10,188.28,Beauty,4,199,3,-0.3916137875734133,-0.06017977077778397,0.45942862918366506
CUST0011,7,192.74,Beauty,4,303,3,-1.1089636975037225,1.074296186649462,0.2895720386170659
CUST0012,11,906.35,Groceries,2,327,0,2.0994142125997377,2.1628186456536023,-0.9273381500733653
CUST0013,11,507.29,Groceries,2,154,0,0.8998064845316495,0.0222036892984384,-0.4756628097748692
CUST0014,8,299.15,Groceries,2,40,2,-0.3817273235447963,-1.0447383606012148,-0.9350795164611432
CUST0015,12,236.39,Beauty,4,133,1,0.25137927239994884,-0.7010991231043264,0.4355838757420826
CUST0016,6,242.86,Books,1,132,2,-1.0668991202452593,-0.1985714053245409,-0.7774857805186148
CUST0017,7,420.41,Sports,5,279,3,-0.35152525736275586,1.2609804368809974,-0.48509911164394665
CUST0018,8,234.69,Sports,5,362,3,-0.7838230416819716,1.5601376101054336,0.6123428847847884
CUST0019,10,472.74,Clothing,3,84,2,0.605368955388404,-0.5437418323224376,-0.8666737599462714
CUST0020,5,323.28,Sports,5,242,3,-1.093211051319843,0.9496624003150582,-0.7502136066338335
CUST0021,3,911.67,Sports,5,116,0,0.4557316894630984,1.059346346145507,-3.4183953789669643
CUST0022,9,223.93,Groceries,2,109,2,-0.4450012500895525,-0.6748014860066744,-0.22353352129454843
CUST0023,13,531.86,Groceries,2,221,0,1.386785752155896,0.4624826986096082,0.1305190092624096
CUST0024,8,97.85,Beauty,4,41,2,-1.0393978835007862,-1.3802915484371663,-0.33533119775023984
CUST0025,6,147.62,Clothing,3,147,2,-1.3867072123645507,-0.23484279403946348,-0.43252222450285466
CUST0026,13,834.0,Electronics,0,112,0,2.4379070041939346,0.05972308200100937,-1.2226081638265784
CUST0027,12,459.17,Clothing,3,103,1,0.9964278001795386,-0.5733615430061046,-0.3499009970754566
CUST0028,13,358.8,Clothing,3,46,1,0.9260686217291448,-1.3088030384586458,-0.0948409703744947
CUST0029,9,1063.98,Books,1,324,0,2.169065278091449,2.5735187350708126,-1.8028897317877928
CUST0030,14,239.01,Beauty,4,271,1,0.6244436330066118,0.30032622040121604,1.4058563346230104
CUST0031,8,531.01,Books,1,195,0,0.2828284581416471,0.6583906642701858,-0.9679444686183378
CUST0032,8,557.52,Clothing,3,280,0,0.31876044657803787,1.4203909141893496,-0.6882321821424424
CUST0033,12,718.47,Clothing,3,283,0,1.7356695017551194,1.3874514024935893,-0.3586101830578527
CUST0034,15,87.23,Clothing,3,40,1,0.48985699162140556,-1.9900916141427698,1.079875014768101
CUST0035,13,237.78,Sports,5,189,1,0.4459115425033806,-0.309862610681116,0.8657089768036503
CUST0036,13,319.22,Books,1,164,1,0.7266272809654754,-0.38149049061179846,0.5194377618863831
CUST0037,10,710.78,Clothing,3,24,0,1.4180876848909365,-0.6428804631396625,-1.8237070808657256
CUST0038,8,348.51,Groceries,2,24,2,-0.21108355309384966,-1.0952992739441267,-1.14852305338322
CUST0039,15,558.32,Beauty,4,4,1,2.0490007273053426,-1.4886281334152327,-0.465501754940949
CUST0040,9,79.66,Beauty,4,323,3,-1.0433166433484828,0.8830638133191323,1.1049530437155375
CUST0041,7,196.69,Groceries,2,290,3,-1.088331311434158,0.9714331507355859,0.2231117296114859
CUST0042,8,622.24,Beauty,4,181,0,0.5889519673082054,0.6962414539554724,-1.2968312423155683
CUST0043,13,217.96,Sports,5,248,1,0.34609294734426316,0.1537423987197055,1.1729370962722807
CUST0044,15,253.03,Sports,5,116,1,0.9858114604847746,-1.0659560152052887,0.9095847769989894
CUST0045,8,703.34,Electronics,0,279,0,0.7953354517459458,1.6611389115596191,-1.123845994091478
CUST0046,7,119.24,Electronics,0,69,2,-1.2095781747540226,-1.0243334587429465,-0.4789224334010738
CUST0047,9,145.56,Electronics,0,351,3,-0.8448770721508133,1.2317641283980325,1.027967288669885
CUST0048,6,71.35,Beauty,4,254,3,-1.6993622074628105,0.5370238955914356,0.24395422644956255
CUST0049,16,721.84,Sports,5,181,0,2.700719304333492,0.19990176513244265,-0.005205524830210654
CUST0050,10,500.97,Sports,5,318,0,0.5582149437191575,1.4775296484632408,0.03574949940261382
CUST0051,18,492.38,Sports,5,169,1,2.4055332462738903,-0.46001906194153697,1.019649841256079
CUST0052,10,192.22,Groceries,2,313,3,-0.4466177005352259,0.9077734758912295,0.9281021743871486
CUST0053,8,65.91,Sports,5,249,3,-1.2674784426852788,0.3189346587363511,0.6355527679436557
CUST0054,11,47.57,Groceries,2,188,3,-0.6210331517835901,-0.47669405501258016,1.0276496058657543
CUST0055,3,625.29,Electronics,0,54,2,-0.4421493623417068,0.0472061662435799,-2.832388018303419
CUST0056,15,375.87,Electronics,0,326,3,1.2617668601154313,0.9146244698969345,1.4309875254115578
CUST0057,6,427.65,Beauty,4,357,3,-0.597658621365138,2.014346701324125,-0.37615738376689006
CUST0058,7,308.5,Electronics,0,313,3,-0.7370576674551621,1.356426479445769,-0.01076331454775785
CUST0059,9,130.57,Beauty,4,138,2,-0.7670069842824265,-0.589815674423833,0.17485603111855907
CUST0060,11,199.49,Clothing,3,168,1,-0.11323599183849438,-0.38572568905218224,0.4939343123257085
CUST0061,8,103.27,Clothing,3,103,2,-1.058615012540601,-0.848260710879111,-0.09013396180573928
CUST0062,12,91.4,Books,1,85,1,-0.19331656552160167,-1.3535849844340246,0.6622846257671392
CUST0063,10,473.33,Beauty,4,317,3,0.46858888663867493,1.421866176147548,0.11330748887595725
CUST0064,11,52.53,Books,1,212,3,-0.6191302272823159,-0.26585610881239974,1.114097787344984
CUST0065,12,103.93,Books,1,3,1,-0.1036016902886622,-2.023577725798939,0.27971492019909355
CUST0066,16,208.97,Clothing,3,179,1,1.0278205622799819,-0.6933629427504097,1.50366512154912
CUST0067,8,270.97,Beauty,4,342,3,-0.6534932565691361,1.4534983296085233,0.42074212552632867
CUST0068,7,70.43,Clothing,3,303,3,-1.5082030144851626,0.8652907280002631,0.6514193984231951
CUST0069,13,345.37,Books,1,332,3,0.7119739077639793,1.079730567499434,1.1499289025176536
CUST0070,10,295.92,Beauty,4,38,2,0.05558431999137592,-1.23375583448336,-0.537378879206288
CUST0071,15,618.13,Books,1,239,0,2.104333560133035,0.5950395603212275,0.34770724318546264
CUST0072,8,274.44,Sports,5,169,2,-0.5391789646508035,0.0007336493555753159,-0.31844524158063037
CUST0073,11,370.66,Beauty,4,343,3,0.34131187761944887,1.382330383092133,0.7248857522686677
CUST0074,11,137.21,Beauty,4,314,3,-0.40344227031264246,0.7388859504550462,1.2933454816660508
CUST0075,5,142.35,Books,1,306,3,-1.721894864025734,1.180118629292121,0.05471662060316743
CUST0076,10,78.2,Sports,5,30,2,-0.650325995227114,-1.6732536337806503,0.07302632491877245
CUST0077,11,138.39,Groceries,2,190,3,-0.32577281813509046,-0.30463573927178017,0.767390505608383
CUST0078,12,197.12,Clothing,3,357,3,-0.01015244426247174,1.1205095935777958,1.495567951551975
CUST0079,8,577.83,Books,1,25,2,0.536858140065587,-0.6950015043479957,-1.822740151070938
CUST0080,11,120.62,Beauty,4,112,1,-0.3373431855147785,-0.9926786131654879,0.49131534940141036
CUST0081,11,937.97,Clothing,3,206,0,2.274658758958922,1.1966086346683924,-1.5307079216083301
CUST0082,5,393.91,Clothing,3,185,2,-0.8287311338148783,0.5897459216778931,-1.1993334576586396
CUST0083,8,339.0,Clothing,3,47,2,-0.25581770844596613,-0.91761967463727,-1.0234795978966489
CUST0084,13,258.58,Groceries,2,228,1,0.49058918357065795,0.05451938582591451,0.9684966874221392
CUST0085,11,222.6,Electronics,0,39,1,0.0389929944791038,-1.43393180688109,-0.11796645118459903
CUST0086,7,156.84,Books,1,16,2,-1.0552946545944086,-1.406965141465706,-0.8134711812893937
CUST0087,8,67.5,Electronics,0,22,2,-1.127154333122041,-1.59235757480872,-0.32559737343876094
CUST0088,11,124.43,Electronics,0,213,3,-0.3850324821174695,-0.1345603774842508,0.9055990395933372
CUST0089,15,720.7,Electronics,0,310,0,2.3968717620233817,1.368967839663162,0.34341236064288644
CUST0090,8,377.16,Clothing,3,149,2,-0.1919784394492844,0.007628198248353413,-0.706605060486864
CUST0091,14,716.5,Sports,5,241,0,2.2009061615084864,0.8633166855663779,-0.13317396388514402
CUST0092,6,153.43,Clothing,3,272,3,-1.4421554958245242,0.8290552882785363,0.07696664320318172
CUST0093,16,100.48,Clothing,3,59,1,0.7451284527473925,-1.8905636036372693,1.3190164432607707
CUST0094,11,256.66,Beauty,4,287,3,0.0025347697451595813,0.7153467030116424,0.8261969483664391
CUST0095,6,128.57,Beauty,4,202,3,-1.4816311873496142,0.19635096947537867,-0.14442578516894655
CUST0096,14,298.06,Electronics,0,32,1,0.9594699853299847,-1.6139584700847351,0.22415293279466392
CUST0097,12,53.53,Clothing,3,162,1,-0.3627687140195534,-0.7690524706180699,1.0987542204260474
CUST0098,9,28.56,Electronics,0,255,3,-1.1696344821820466,0.22238364306296227,0.969617040708681
CUST0099,10,329.66,Beauty,4,254,3,0.037131304756807995,0.6451595714394618,0.2729018003163032
CUST0100,13,733.9,Sports,5,9,0,2.1724810160902526,-0.9798007007088302,-1.3604500617642448
CUST0101,15,340.24,Books,1,139,1,1.2567867870919822,-0.7229995950289159,0.7484874701566515
CUST0102,9,374.45,Electronics,0,10,2,0.10525513366904751,-1.2523344115982387,-1.085967128694932
CUST0103,11,265.01,Sports,5,214,3,0.0732477198398329,0.11409693425455134,0.4939143162756294
CUST0104,10,284.25,Books,1,273,3,-0.12240494985310323,0.7277655900662413,0.4872997393840439
CUST0105,8,64.01,Groceries,2,324,3,-1.3183281744427449,0.9480698175026346,0.957180271217231
CUST0106,1,132.9,Electronics,0,48,2,-2.492481174658156,-0.678154520210012,-1.7975316953206861
CUST0107,13,573.89,Electronics,0,111,1,1.5894618479500524,-0.39318917595918706,-0.4573005567084731
CUST0108,6,193.6,Groceries,2,153,2,-1.2401929967183456,-0.10568081611532669,-0.5432709908224121
CUST0109,13,566.18,Groceries,2,123,1,1.5571515275170096,-0.30518305236964666,-0.3839299154298633
CUST0110,11,278.46,Electronics,0,357,3,0.03202213398741726,1.342822040509375,1.0566422172340852
CUST0111,10,289.06,Groceries,2,102,2,-0.004907293328044053,-0.70584575719409,-0.24742510460155656
CUST0112,10,194.79,Clothing,3,241,3,-0.3953668952529631,0.3050785012709721,0.6171327715681582
CUST0113,13,413.72,Books,1,321,3,0.94162754028844,1.103778891088014,0.9013715997552166
CUST0114,9,484.8,Books,1,191,0,0.3577050116468953,0.4623819380063553,-0.6498025711103284
CUST0115,9,126.59,Books,1,217,3,-0.8270273848219563,0.06949217940813353,0.5194907769612123
CUST0116,6,70.66,Clothing,3,51,2,-1.580767686315849,-1.1758022298747877,-0.6093285945034455
CUST0117,10,36.36,Groceries,2,292,3,-0.942868167936173,0.46437025747652344,1.3007235423512618
CUST0118,12,361.84,Sports,5,81,1,0.6918238776463611,-0.9251794366487632,-0.15465081136961764
CUST0119,17,333.05,Groceries,2,88,1,1.710342275101712,-1.331940168312642,0.9514459951520798
CUST0120,10,1110.2,Electronics,0,194,0,2.620656423454266,1.4730543910121514,-2.2890877195633763
CUST0121,9,266.18,Beauty,4,104,2,-0.30411400013671214,-0.6447627441328607,-0.3695949031487952
CUST0122,9,231.33,Books,1,271,3,-0.517285782757018,0.7037886925290245,0.43714793902459825
CUST0123,3,305.44,Groceries,2,96,2,-1.5111934804869818,-0.14522521492287577,-1.7091658941813057
CUST0124,10,317.61,Sports,5,198,3,0.031135231681454503,0.15238982733547252,0.07259956879380747
CUST0125,10,217.63,Electronics,0,1,2,-0.17794044472048837,-1.6795142268207022,-0.4616587705101831
CUST0126,6,130.35,Clothing,3,167,2,-1.4549853302726017,-0.0957188943869546,-0.29716149721164636
CUST0127,9,255.5,Clothing,3,126,2,-0.3520719174135697,-0.47751422003234895,-0.24530348691971438
CUST0128,11,248.24,Sports,5,313,3,-0.04042736520020257,0.9201841897809564,0.960655957572916
CUST0129,9,245.18,Electronics,0,81,2,-0.35896934328106966,-0.8745783629261623,-0.4043762136947643
CUST0130,10,444.15,Books,1,251,3,0.41263080962774834,0.8155068013891084,-0.07845078100880591
CUST0131,11,252.01,Groceries,2,169,1,0.05760234720174786,-0.28754683932505914,0.34277022104567323
CUST0132,16,72.29,Electronics,0,73,1,0.6447775422441484,-1.8206905431611176,1.4614028689719132
CUST0133,9,149.57,Clothing,3,141,2,-0.706773871837919,-0.5320528669678581,0.13128584193822973
CUST0134,10,215.51,Sports,5,70,2,-0.225936465175662,-1.1013455608359888,-0.16466092610492114
CUST0135,16,261.13,Sports,5,262,1,1.1486688440716204,0.09560495634392308,1.6990664649775067
CUST0136,7,367.24,Groceries,2,340,3,-0.5613941720463397,1.6844599029720833,-0.0707800256586946
CUST0137,5,262.69,Sports,5,308,3,-1.3302765495310886,1.402621235273493,-0.2928757644344911
CUST0138,5,29.4,Sports,5,245,3,-2.054268082748715,0.472770413378413,0.13185435262947792
CUST0139,4,81.29,Electronics,0,3,2,-1.964159331991476,-1.395727448327047,-1.239592694193138
CUST0140,14,385.1,Books,1,337,3,1.0620145670880985,1.1064634397404571,1.251742845576087
CUST0141,13,210.9,Groceries,2,63,1,0.43317929510777603,-1.4181972348649248,0.41434111750705194
CUST0142,8,279.91,Electronics,0,49,2,-0.449887486878962,-1.0017301783396995,-0.8402382672118501
CUST0143,12,190.24,Books,1,76,1,0.13467067353591172,-1.2605713000576835,0.3319511858501338
CUST0144,9,149.04,Electronics,0,175,2,-0.7287442254722039,-0.24627874015529183,0.27611007877600385
CUST0145,14,195.88,Beauty,4,109,1,0.5800997559304188,-1.1393200045537117,0.8508801000897601
CUST0146,12,282.4,Electronics,0,183,1,0.3717980196949816,-0.20088849236379225,0.5101368117502549
CUST0147,10,250.59,Sports,5,192,3,-0.18405689443232898,-0.012725669107012364,0.24559400963156428
CUST0148,9,482.65,Books,1,65,2,0.4256954223246372,-0.6036936313790343,-1.174332765522662
CUST0149,15,58.61,Groceries,2,337,3,0.21963135047666854,0.465234402277841,2.415931275147616
CUST0150,17,67.73,Groceries,2,271,1,0.7353548415749889,-0.2423117412573699,2.507436276908723
CUST0151,11,208.95,Books,1,100,1,-0.04187634693077758,-0.9429198763486968,0.1794349039565827
CUST0152,8,370.2,Sports,5,32,2,-0.14504637423274475,-0.9907809535038593,-1.178984361319943
CUST0153,5,427.71,Clothing,3,352,3,-0.8178183844200105,2.0556076742278293,-0.5956878377131161
CUST0154,9,154.15,Electronics,0,128,2,-0.6840850654454184,-0.6338393479070878,0.06296171283063129
CUST0155,8,9.07,Sports,5,339,3,-1.5065906490789849,0.980663770816677,1.182918509595946
CUST0156,6,158.44,Beauty,4,43,2,-1.2894773528724959,-1.093256307339601,-0.9027282176269542
CUST0157,11,333.81,Books,1,78,1,0.3787832726839171,-0.9150556274252077,-0.2826517174287719
CUST0158,5,247.05,Electronics,0,314,3,-1.3848998264234849,1.4264858837726961,-0.22132517410901809
CUST0159,12,379.79,Groceries,2,289,3,0.6265922230829466,0.8592996716122249,0.6686363529120646
CUST0160,9,560.68,Clothing,3,270,0,0.5583603682338295,1.2581559510053975,-0.5414292115330457
CUST0161,9,220.54,Beauty,4,162,2,-0.48761788255449673,-0.23371115934319792,0.009806836609569965
CUST0162,13,173.61,Groceries,2,189,1,0.2364504438957523,-0.4195174245272372,1.0555523671949454
CUST0163,9,114.82,Books,1,247,3,-0.8833056707876821,0.30233216311963684,0.6807142533868674
CUST0164,5,67.33,Electronics,0,216,3,-1.9131946953817849,0.29306485220089334,-0.10254861525208069
CUST0165,3,49.64,Books,1,315,3,-2.4765370760368617,1.26421447166642,-0.02965690498708479
CUST0166,12,141.53,Electronics,0,339,3,-0.18089157756016158,0.8737447743484439,1.5841863371753948
CUST0167,18,510.29,Sports,5,168,1,2.4645896427009264,-0.43784590077287816,0.9624506789088908
CUST0168,8,405.6,Clothing,3,339,3,-0.2122535845490974,1.6582611423984517,0.00980646982876059
CUST0169,11,166.92,Sports,5,193,3,-0.23443226810712176,-0.23058790180250413,0.6956263393292684
CUST0170,9,943.67,Sports,5,283,0,1.8007617595561256,2.0222287994425425,-1.6197094585194831
CUST0171,3,150.09,Books,1,336,3,-2.161153672277004,1.6129321168348492,-0.23835085731177671
CUST0172,10,596.3,Clothing,3,13,2,1.0509550830623864,-0.9312552284631341,-1.531371956244019
CUST0173,8,690.69,Electronics,0,240,0,0.777260708507127,1.3106837770261885,-1.2507450282519503
CUST0174,10,350.07,Electronics,0,320,3,0.06446270520876766,1.236532617423856,0.49060562939900404
CUST0175,11,140.39,Beauty,4,147,1,-0.29364641091040733,-0.6637837339005691,0.580296580176658
CUST0176,12,185.72,Groceries,2,204,1,0.043717711930423536,-0.1890300252144669,0.8846410446809163
CUST0177,8,287.5,Beauty,4,80,2,-0.44356695429422194,-0.7273757305507129,-0.732076858918726
CUST0178,12,69.35,Beauty,4,43,1,-0.2402884924744743,-1.7453982791907243,0.5505547125657649
CUST0179,11,105.1,Electronics,0,89,1,-0.37431093600883525,-1.2131299124967863,0.44032176241248827
CUST0180,3,97.13,Books,1,148,2,-2.222106320588125,-0.0627375128057353,-0.8737944869851
CUST0181,9,368.99,Sports,5,95,2,0.03683195111454109,-0.5449650545988274,-0.7116733681531224
CUST0182,11,557.08,Sports,5,151,0,1.0641148863963013,0.08199043216932483,-0.635604025067303
CUST0183,14,416.67,Sports,5,2,1,1.3644910447917211,-1.6642284006355779,-0.25315076537644826
CUST0184,9,496.74,Clothing,3,22,2,0.49728551479423594,-0.9421820233991335,-1.3971942862455007
CUST0185,14,130.22,Electronics,0,313,3,0.24433296463733875,0.468557843915489,1.9046691401229208
CUST0186,9,192.57,Books,1,328,3,-0.6777369451953609,1.1181651823439347,0.791982160444128
CUST0187,17,204.5,Clothing,3,7,1,1.3389542599774054,-2.2345811124766777,0.9904670740988367
CUST0188,7,349.08,Groceries,2,206,3,-0.5409005157308507,0.5235720960924437,-0.5816528774985338
CUST0189,11,144.94,Books,1,114,1,-0.25914944150952796,-0.9342566558595806,0.42779281546819586
CUST0190,10,476.16,Beauty,4,272,0,0.5046151548134116,1.0472729823277023,-0.08466878447296741
CUST0191,10,678.16,Books,1,83,0,1.276487851424547,-0.2011483167157827,-1.4786108704354535
CUST0192,10,361.8,Books,1,179,3,0.18668921201520378,0.06769905145620315,-0.1381890678541517
CUST0193,14,185.78,Sports,5,210,1,0.4870060042609972,-0.30497141918569803,1.3063157547564093
CUST0194,6,120.16,Books,1,328,3,-1.5840911196308556,1.2443814269047913,0.41134558428674184
CUST0195,13,97.35,Beauty,4,124,1,0.02622044534660789,-1.0978961645978818,1.0072910888254252
CUST0196,12,29.83,Beauty,4,113,1,-0.4109593729979913,-1.2227076258919034,0.962411804696528
CUST0197,6,209.56,Electronics,0,12,2,-1.1041590963150534,-1.2672860843960683,-1.184579908760548
CUST0198,8,200.14,Books,1,126,2,-0.7561079076483744,-0.4887971144248273,-0.27980984354569144
CUST0199,9,456.39,Sports,5,53,2,0.34712225328127133,-0.7497482827284739,-1.147205043522601
CUST0200,15,153.23,Books,1,331,3,0.5320579243619038,0.5763321536160486,2.1107227298103854
CUST0201,10,219.01,Groceries,2,283,3,-0.3413117427433108,0.700599929829231,0.7224428599736915
CUST0202,9,308.81,Groceries,2,140,2,-0.1863938496322304,-0.268372539820201,-0.34403029662840273
CUST0203,10,357.64,Sports,5,97,2,0.2219252694865519,-0.6308138526497392,-0.47138233294174375
CUST0204,10,421.02,Electronics,0,5,2,0.4835756861064456,-1.298230816452502,-1.0465231412136535
CUST0205,11,286.72,Electronics,0,57,1,0.23757540611749925,-1.172590775058511,-0.23182036930042588
CUST0206,4,73.57,Beauty,4,334,3,-2.186404394198245,1.3819926522183068,0.1778883351094642
CUST0207,6,335.66,Beauty,4,69,2,-0.7264809659927041,-0.5711939547078287,-1.317474865148544
CUST0208,6,143.89,Clothing,3,118,2,-1.3816186990508204,-0.4857376889372483,-0.5436763900826934
CUST0209,7,574.63,Sports,5,59,2,0.28284034669729125,-0.3304726820642312,-1.868302717169213
CUST0210,15,254.14,Books,1,33,1,1.038844941554728,-1.7638952103323022,0.5565870893888308
CUST0211,12,299.58,Sports,5,318,3,0.347510182932309,0.9667564322690338,1.0281223587512975
CUST0212,7,1168.03,Clothing,3,50,0,2.2251501808520255,0.607653745583697,-3.661764521616668
CUST0213,6,426.1,Beauty,4,19,2,-0.401505184613732,-0.8382364484793237,-1.7957075676970347
CUST0214,6,331.31,Sports,5,214,3,-0.826999195144736,0.6439777191194029,-0.6936598113026491
CUST0215,6,224.14,Sports,5,197,2,-1.166698966573044,0.3175038561875153,-0.448231433435284
CUST0216,7,79.96,Beauty,4,47,2,-1.3246976532452364,-1.276954501150334,-0.45540995709549487
CUST0217,10,211.67,Clothing,3,167,2,-0.29621536242830115,-0.2900268137177504,0.2554011875379887
CUST0218,11,118.82,Beauty,4,289,3,-0.4485875490548417,0.4966668274784188,1.2424157918035288
CUST0219,4,732.84,Electronics,0,141,0,0.08045161690488667,0.8812352595524294,-2.585715393799436
CUST0220,7,334.48,Books,1,84,2,-0.5159301051825484,-0.5300512148734258,-1.0524967587736467
CUST0221,9,560.7,Beauty,4,182,0,0.6108124376755948,0.5161953507662088,-0.9122692917570158
CUST0222,11,149.53,Clothing,3,79,1,-0.22333129696037227,-1.221524742771507,0.2667438740815731
CUST0223,10,126.73,Groceries,2,215,3,-0.602047659193551,-0.030449341785568816,0.7089356058574932
CUST0224,10,397.72,Electronics,0,14,2,0.4021630362466921,-1.2621604329164853,-0.9396706068624645
CUST0225,5,114.51,Groceries,2,215,3,-1.7585963579192914,0.3652550992551057,-0.24634145122796144
CUST0226,10,174.49,Beauty,4,128,2,-0.3943599318919155,-0.682399239565586,0.20107279957197627
CUST0227,8,755.71,Electronics,0,310,0,0.9478250352212828,2.012014203419501,-1.1481637352719742
CUST0228,7,180.32,Books,1,248,3,-1.1167628138881784,0.5893259389249045,0.09457785104588294
CUST0229,6,63.64,Beauty,4,29,2,-1.590585387635766,-1.3732968223106017,-0.6812555411996304
CUST0230,11,40.55,Books,1,280,3,-0.6987155534817767,0.2870318585855293,1.4360524761221831
CUST0231,13,55.66,Sports,5,338,3,-0.23725749279045058,0.6352596256790722,2.0323004061132255
CUST0232,5,582.87,Groceries,2,319,0,-0.2917063914677068,2.042499743906099,-1.1937629445882132
CUST0233,11,157.64,Electronics,0,202,3,-0.27008140538344155,-0.1705598980370561,0.7610014802990338
CUST0234,9,1144.66,Books,1,361,0,2.4103913833934993,3.023361201042131,-1.885680523093142
CUST0235,8,683.31,Clothing,3,57,0,0.8621119165343916,-0.24493916048314787,-1.999967465849232
CUST0236,11,874.44,Books,1,218,0,2.0601430695952603,1.189228569869426,-1.292196902401684
CUST0237,11,505.37,Clothing,3,62,1,0.9483073025996008,-0.756799052035129,-0.8576171852502762
CUST0238,5,383.19,Beauty,4,157,2,-0.8470543979972928,0.33533815183865295,-1.2855946759929415
CUST0239,7,122.67,Electronics,0,202,3,-1.277557592326019,0.1029517087141499,0.07131488804376489
CUST0240,7,249.35,Books,1,17,2,-0.7539225874363691,-1.2404506831098405,-1.082943472378497
CUST0241,5,410.56,Books,1,322,3,-0.8559395837547775,1.7733486907277982,-0.6713530961223111
CUST0242,13,484.38,Electronics,0,6,1,1.3597939150057186,-1.4314800998401653,-0.634899221921591
CUST0243,6,87.68,Books,1,58,2,-1.52937882672913,-1.0876958456111225,-0.6301873855753347
CUST0244,16,214.34,Clothing,3,325,1,0.9584346565782516,0.5468501952247962,2.1029375132679706
CUST0245,11,234.33,Books,1,318,3,-0.08880834221334863,0.9385733335920279,1.0228750192824019
CUST0246,13,227.16,Groceries,2,169,1,0.42315225913097726,-0.4966454281794769,0.8128592695843327
CUST0247,8,99.49,Beauty,4,82,2,-1.0584521423032727,-1.0317869760490277,-0.16743284957963728
CUST0248,10,808.35,Sports,5,219,0,1.6204873462964045,1.1680418233844172,-1.290745728954269
CUST0249,8,208.66,Clothing,3,177,2,-0.758657794753533,-0.044218289937992615,-0.09013139979744404
CUST0250,6,106.43,Groceries,2,204,3,-1.5550902817627896,0.17538126944466773,-0.07049898268982568
CUST0251,10,821.34,Beauty,4,71,0,1.7509938244736942,-0.05766094440795584,-1.9527620025401309
CUST0252,8,683.74,Electronics,0,266,0,0.7390968876486155,1.5180332254030104,-1.1206349326168492
CUST0253,8,278.29,Clothing,3,98,2,-0.48434533992709644,-0.591342280142129,-0.6289880340488324
CUST0254,7,170.18,Sports,5,345,3,-1.207605914370178,1.3898791362966794,0.5332781657089759
CUST0255,13,50.89,Beauty,4,291,3,-0.22484822608209074,0.23081590181694953,1.8483814728788708
CUST0256,10,363.23,Sports,5,208,3,0.17409313244313537,0.3146636662878188,-0.020230479679642806
CUST0257,6,160.38,Electronics,0,2,2,-1.2587374039809442,-1.4356433133638766,-1.081217797488391
CUST0258,16,244.71,Electronics,0,124,1,1.1772233550266364,-1.0960365435242239,1.166192241734758
CUST0259,6,774.19,Clothing,3,280,0,0.5793415605941921,1.9572748605622805,-1.7258100750765868
CUST0260,7,150.58,Books,1,74,2,-1.110255946032477,-0.9286203266735459,-0.5505729901302059
CUST0261,12,352.21,Electronics,0,166,1,0.6097891510495638,-0.22493584829105864,0.2319796631807894
CUST0262,9,429.63,Beauty,4,22,2,0.278227788012906,-1.056860760460271,-1.1986530687114532
CUST0263,9,570.81,Books,1,154,0,0.6604816105197797,0.29738224778710115,-1.0601549112421773
CUST0264,9,231.1,Groceries,2,295,3,-0.5323238447256455,0.905757876319023,0.5389504480109314
CUST0265,10,212.6,Sports,5,219,3,-0.3241355225752579,0.15001384537558493,0.47174764529560004
CUST0266,12,208.66,Books,1,157,1,0.14657683125554175,-0.5461224183663511,0.6187436114038188
CUST0267,9,328.1,Sports,5,230,3,-0.17700561287495048,0.5234488424503263,-0.02189094285969222
CUST0268,15,664.78,Books,1,20,1,2.3869782500605767,-1.1717992896764562,-0.7130430565847379
CUST0269,11,201.09,Groceries,2,41,1,-0.032409679611135764,-1.4538249519371547,-0.04590346880749648
CUST0270,6,13.09,Electronics,0,148,2,-1.826429859681748,-0.4562982427371026,-0.030309252159829783
CUST0271,11,463.24,Groceries,2,108,1,0.7834042717952853,-0.4409306239993156,-0.539160619423732
CUST0272,6,263.2,Electronics,0,84,2,-0.9719315105620228,-0.5685384825934755,-1.0399046772660814
CUST0273,7,363.81,Electronics,0,322,3,-0.5618747592418962,1.5268270003737692,-0.1364741107039666
CUST0274,8,53.07,Sports,5,309,3,-1.3451085107192453,0.802898972554145,0.9263443635067182
CUST0275,6,160.91,Beauty,4,290,3,-1.4284550636958075,0.9936089014281482,0.13067902759262176
CUST0276,13,437.51,Groceries,2,323,3,1.01809127989503,1.1612951751612823,0.8394170414633826
CUST0277,7,77.28,Books,1,134,2,-1.385237081883448,-0.5479711140734003,-0.0809138336655116
CUST0278,12,351.64,Groceries,2,207,1,0.5835211003205873,0.11979223759871753,0.40641617393148793
CUST0279,12,243.16,Sports,5,283,3,0.1841819720809442,0.5752333945584185,1.0475681227998146
CUST0280,7,133.02,Electronics,0,266,3,-1.2818730250776147,0.660270533802886,0.31035383097272573
CUST0281,7,123.63,Sports,5,73,2,-1.1976297332354577,-0.9831047149693878,-0.4750563274352635
CUST0282,11,100.37,Clothing,3,352,3,-0.5463154636085162,0.9963399520441769,1.5624445199492318
CUST0283,6,262.14,Clothing,3,48,2,-0.9539605613451532,-0.8738931467536767,-1.1884518260736197
CUST0284,10,285.75,Books,1,326,3,-0.1490598436209724,1.1772120339138776,0.7061733031629724
CUST0285,16,185.45,Sports,5,233,1,0.9189010998690839,-0.2782393519281554,1.800772388826586
CUST0286,12,94.55,Books,1,100,1,-0.19196402974616741,-1.2217258271879083,0.7161668169613389
CUST0287,11,344.43,Books,1,59,1,0.42475942723836013,-1.057111404096347,-0.39412536864061176
CUST0288,9,469.08,Clothing,3,258,0,0.2665070342688113,1.0004471694283503,-0.32099671895222703
CUST0289,9,390.09,Books,1,65,2,0.12356484281517666,-0.7618617717810443,-0.900499132756287
CUST0290,6,897.58,Clothing,3,83,0,1.0993811342465727,0.50706935352794,-2.9208961861072966
CUST0291,14,216.23,Electronics,0,154,1,0.6197366990027577,-0.7251164229365605,0.9802796274628358
CUST0292,11,621.94,Sports,5,266,0,1.207368250113878,1.1624765948940794,-0.34294550583743233
CUST0293,3,144.61,Books,1,309,3,-2.1629680464166623,1.3759103091016536,-0.3359009059365481
CUST0294,13,124.98,Clothing,3,79,1,0.1431978627416839,-1.4301106863999027,0.7359453892383191
CUST0295,8,274.52,Groceries,2,315,3,-0.6258322727467109,1.2319071431785922,0.2964773221059615
CUST0296,8,715.05,Books,1,150,0,0.9103530226961298,0.5934522751418724,-1.702020489089073
CUST0297,12,197.64,Beauty,4,48,1,0.17549397483222917,-1.4840152982451904,0.1920829512482574
CUST0298,7,53.03,Electronics,0,248,3,-1.5322576438985418,0.37181056952373914,0.4711582649917761
CUST0299,6,462.97,Electronics,0,278,3,-0.43533947015764685,1.4085931854372646,-0.8135097835734393
CUST0300,10,235.23,Groceries,2,356,3,-0.33182430024347853,1.34383534259753,0.9820365080857866
CUST0301,15,312.43,Clothing,3,98,1,1.190417998511554,-1.11622391930038,0.658011617334969
CUST0302,11,130.85,Books,1,25,2,-0.25215935459376165,-1.7087604287208662,0.09448296919327089
CUST0303,6,272.58,Clothing,3,284,3,-1.0603745747215885,1.1338419897786105,-0.224970998283359
CUST0304,10,62.11,Electronics,0,301,3,-0.8641738069387632,0.5842581354671488,1.2624643687595956
CUST0305,7,816.51,Clothing,3,68,0,1.0670174448314738,0.15874190492689594,-2.54597052353742
CUST0306,11,522.9,Electronics,0,7,1,1.0382697555356755,-1.190590218028483,-1.1412167887824891
CUST0307,13,263.37,Clothing,3,305,3,0.46038606836866114,0.7119500507822084,1.2787590351729494
CUST0308,10,454.17,Groceries,2,137,2,0.5132023856184296,-0.1285913540956778,-0.5884242129173305
CUST0309,9,144.94,Sports,5,164,2,-0.735578930085388,-0.3460342386510422,0.24189208774567458
CUST0310,6,507.19,Groceries,2,83,2,-0.17491399253279508,-0.16003587909458283,-1.7659489962232744
CUST0311,9,190.61,Groceries,2,138,2,-0.5710268633473788,-0.48721827652261546,-0.002768983048393807
CUST0312,11,179.7,Sports,5,73,1,-0.12127978627073671,-1.2205602741570412,0.1522070836254234
CUST0313,12,106.9,Sports,5,237,3,-0.23320836442991588,-0.04547097304431974,1.2568684903050944
CUST0314,7,341.33,Books,1,46,2,-0.4709490475769159,-0.838752650890563,-1.2328720433115425
CUST0315,13,254.72,Books,1,106,1,0.5506166643861554,-0.9807512260483648,0.4658791110745235
CUST0316,11,635.31,Groceries,2,288,0,1.237913362625293,1.3708221779473606,-0.2898046823917493
CUST0317,5,95.54,Groceries,2,262,3,-1.8484967650506698,0.7291314975646819,0.007810956961814066
CUST0318,14,342.45,Electronics,0,176,1,1.018642182059145,-0.32393079402797637,0.6995599770787281
CUST0319,12,557.63,Electronics,0,166,0,1.2803127426964238,0.1260894261404551,-0.3757440278614399
CUST0320,8,289.56,Books,1,145,2,-0.4755375715575448,-0.17579124304952767,-0.4642989907559363
CUST0321,7,187.66,Beauty,4,330,3,-1.1416188449675637,1.2932728824266808,0.418363262285192
CUST0322,7,284.06,Beauty,4,283,3,-0.7989745876696176,1.0617102169534014,-0.06486151177645502
CUST0323,9,601.8,Books,1,54,0,0.8211683443810833,-0.4928373828507166,-1.573179054289116
CUST0324,13,601.63,Electronics,0,178,0,1.6401242312621278,0.21914126053920546,-0.2570687071435725
CUST0325,7,227.83,Electronics,0,244,3,-0.9593013907077266,0.6367848192531641,-0.06283152999096091
CUST0326,11,594.66,Beauty,4,341,0,1.0736741567752743,1.7482419675388956,0.053767321546024295
CUST0327,11,245.6,Clothing,3,127,1,0.061681870805573163,-0.652634229631808,0.18477023420054248
CUST0328,10,450.67,Clothing,3,271,3,0.4220070401048538,0.9952834674651677,-0.013471450903337423
CUST0329,13,371.52,Electronics,0,132,1,0.9163925498186524,-0.561935621937438,0.22988168667031036
CUST0330,14,181.55,Clothing,3,93,1,0.5428492242102598,-1.2987154993811096,0.8258599001479172
CUST0331,9,110.54,Sports,5,73,2,-0.7936933086114223,-1.17210761096374,-0.03975858746761279
CUST0332,8,567.54,Books,1,248,0,0.3705170626475072,1.1676969823429995,-0.8527052194008408
CUST0333,11,675.47,Books,1,348,0,1.333283734457375,1.9453538150290541,-0.15581065096673652
CUST0334,6,336.62,Electronics,0,273,3,-0.8447894685334046,1.1505253102866735,-0.46077740479230533
CUST0335,5,245.34,Groceries,2,43,2,-1.2291540492328856,-0.8614428355524129,-1.3581029039563075
CUST0336,8,84.13,Beauty,4,41,2,-1.0841821483113934,-1.4037365234405759,-0.2947413377507295
CUST0337,11,557.73,Electronics,0,170,0,1.054925806507714,0.24330458116469317,-0.5574720445693464
CUST0338,7,308.97,Clothing,3,212,3,-0.6753977692934771,0.5056219823224467,-0.4377091476549839
CUST0339,14,203.14,Beauty,4,168,1,0.5686745930651237,-0.629440219417298,1.0779935396176663
CUST0340,11,459.53,Groceries,2,39,1,0.8123702438651935,-1.029061695543058,-0.8189107317738084
CUST0341,9,69.44,Clothing,3,245,3,-1.0302426084453662,0.20792251094698017,0.8065416307304089
CUST0342,10,102.01,Sports,5,151,2,-0.6446381947603538,-0.6123238732007623,0.5124095119221883
CUST0343,5,140.38,Clothing,3,111,2,-1.6122409018237644,-0.4674407118729247,-0.7610720356780544
CUST0344,7,363.31,Sports,5,47,2,-0.39979813181043033,-0.7927610851724867,-1.2936852363127849
CUST0345,8,286.41,Beauty,4,63,2,-0.4370047132510133,-0.8725782415611957,-0.8004802848959705
CUST0346,12,394.16,Sports,5,225,1,0.7115976723154613,0.34422281314770764,0.3564646593134323
CUST0347,11,532.34,Beauty,4,69,1,1.0321745466517385,-0.6516899344417317,-0.9079125001556295
CUST0348,12,404.17,Beauty,4,299,3,0.7002193815284979,0.9852782285622085,0.6386436678780893
CUST0349,11,827.9,Beauty,4,290,0,1.865367182409032,1.7167868425290482,-0.8511446902402394
CUST0350,10,531.51,Beauty,4,296,0,0.6709990635571416,1.34421823832539,-0.14729662670913982
CUST0351,8,227.41,Beauty,4,203,3,-0.7129327230732248,0.20704776613472037,-0.0360533305462655
CUST0352,5,160.0,Clothing,3,61,2,-1.5184328780167455,-0.85550165533403,-1.029787691202834
CUST0353,12,232.87,Beauty,4,318,3,0.1297581198480815,0.8527612221759256,1.2254801984427937
CUST0354,12,414.09,Clothing,3,314,3,0.7236702753773876,1.128706079742223,0.6724971890871081
CUST0355,13,174.8,Beauty,4,161,1,0.25700331629455736,-0.6535731788934012,0.9340560735986784
CUST0356,8,422.1,Sports,5,331,3,-0.15363252192936508,1.619002559230794,-0.0727152217521032
CUST0357,9,389.1,Beauty,4,16,2,0.1495032402397191,-1.1767096834450068,-1.1040278254966576
CUST0358,15,109.08,Groceries,2,338,3,0.38377816306926166,0.5599101762938131,2.2708319953106564
CUST0359,17,524.78,Beauty,4,94,1,2.3326077003795493,-0.953718051412782,0.40950392745288605
CUST0360,7,328.08,Beauty,4,304,3,-0.6677876899784595,1.3139992951070787,-0.10661043496321965
CUST0361,14,801.64,Sports,5,138,0,2.540133031532856,0.14033424175096718,-0.8190381407083256
CUST0362,13,246.26,Books,1,338,3,0.3848912588787711,0.9609602259450956,1.4684208641375227
CUST0363,7,195.77,Sports,5,38,2,-0.9413176318381599,-1.154942185155344,-0.8359482019827401
CUST0364,16,96.43,Groceries,2,127,1,0.6914279093429836,-1.3241247140981567,1.61751066630939
CUST0365,7,94.99,Books,1,275,3,-1.4113667405831587,0.6711700367412188,0.46078425437586706
CUST0366,15,482.87,Electronics,0,164,1,1.7074712101541398,-0.2684769957823474,0.43186000212273423
CUST0367,12,749.11,Electronics,0,319,0,1.8142523829389612,1.7433528859395668,-0.29757382570698454
CUST0368,16,230.31,Groceries,2,77,1,1.1581987682272599,-1.5169361791416553,1.010763130059826
CUST0369,8,218.71,Sports,5,174,2,-0.7240670811959897,-0.0523399513408301,-0.1325040264324042
CUST0370,7,263.81,Clothing,3,358,3,-0.9097216415316489,1.659488576061335,0.31105345002416196
CUST0371,8,549.24,Groceries,2,321,0,0.26732572808741545,1.7519440177703585,-0.4909860634765672
CUST0372,4,109.99,Books,1,91,2,-1.9228647479813,-0.6046896117833456,-0.9537191430643526
CUST0373,10,299.06,Books,1,238,3,-0.053227097842985065,0.4579616171874668,0.296015494120235
CUST0374,8,490.39,Beauty,4,264,0,0.10916230684038188,1.1707698595820668,-0.5570465068675114
CUST0375,14,360.13,Electronics,0,179,1,1.0745666043032152,-0.2684236255664986,0.6598949347788181
CUST0376,7,6.89,Books,1,209,3,-1.6596490801772468,-0.03587286040795578,0.4433375406989132
CUST0377,14,405.59,Groceries,2,73,1,1.286057548742891,-1.0845072210850055,0.07878158159586897
CUST0378,14,362.64,Books,1,107,1,1.1256215600309125,-0.8712211292319604,0.34910303863621034
CUST0379,16,621.51,Groceries,2,345,0,2.275596287665397,1.4112645606533332,0.9826160118279755
CUST0380,13,710.22,Clothing,3,295,0,1.924928669886842,1.3912175266934954,-0.08535613165671938
CUST0381,10,600.87,Beauty,4,284,0,0.9045448013060685,1.3615607086833854,-0.4030553779709715
CUST0382,13,264.89,Electronics,0,353,3,0.43677297973206236,1.1192718768539511,1.4765063328249863
CUST0383,9,50.4,Books,1,182,3,-1.0548880239026,-0.35581417869733634,0.5974249908778281
CUST0384,7,217.46,Groceries,2,37,2,-0.8699227134735072,-1.1263096941388073,-0.9043302849420382
CUST0385,8,258.54,Sports,5,137,2,-0.5720293561535597,-0.29625283001908176,-0.40623539464170366
CUST0386,8,742.86,Electronics,0,338,0,0.889212066051947,2.2261451466676063,-0.9921719775653358
CUST0387,2,132.02,Clothing,3,56,2,-2.276783935350193,-0.6955214469235996,-1.5629350584563717
CUST0388,9,71.6,Groceries,2,187,3,-0.988664369902596,-0.27742845526748167,0.5557730624573719
CUST0389,13,175.74,Beauty,4,341,3,0.15291683591179545,0.865749697956084,1.6896906361201784
CUST0390,9,138.46,Beauty,4,258,3,-0.8126892945710528,0.43547795400362493,0.6571242368085647
CUST0391,17,64.59,Clothing,3,58,1,0.8519052164700297,-2.0436420576513634,1.6192674507718146
CUST0392,11,234.25,Clothing,3,363,3,-0.11585817247050718,1.317865775317076,1.212715569963786
CUST0393,16,266.31,Beauty,4,123,1,1.2483244990594409,-1.0675578460754935,1.0980764187900343
CUST0394,11,60.64,Books,1,188,3,-0.5783705904807741,-0.45435981133221853,0.9889827348603899
CUST0395,7,194.78,Books,1,230,3,-1.058847592230837,0.46226377997170676,-0.024042808007496797
CUST0396,7,130.8,Groceries,2,168,2,-1.2307796284467916,-0.16983540570585717,-0.09599352780248431
CUST0397,13,272.94,Sports,5,114,1,0.6053272106748984,-0.8821625020557525,0.44568360592193296
CUST0398,9,293.6,Groceries,2,252,3,-0.30271580331424697,0.6499933356046855,0.17287062389331956
CUST0399,12,130.82,Sports,5,107,1,-0.0777401047364026,-1.100724707587827,0.6383579672166675
CUST0400,13,521.62,Clothing,3,37,1,1.4628967691381631,-1.1064592155459971,-0.6144556962075834
CUST0401,7,254.15,Electronics,0,335,3,-0.9275614188631577,1.4490509468116677,0.24272337764186305
CUST0402,11,136.38,Groceries,2,92,1,-0.27399394806328864,-1.1343828271223078,0.3604218734658335
CUST0403,8,56.51,Groceries,2,18,2,-1.1606462256427932,-1.6448645135547646,-0.30993774500247445
CUST0404,11,305.38,Sports,5,354,3,0.12167921397024792,1.3635281289831787,0.9643606300895232
CUST0405,5,362.02,Clothing,3,63,2,-0.860198036573821,-0.49342284248104856,-1.6190258316894717
CUST0406,9,167.64,Clothing,3,150,2,-0.6531482538248724,-0.42528870676339775,0.11574752292354877
CUST0407,12,279.52,Sports,5,139,1,0.3885906342043004,-0.5768072748273992,0.3332666765507033
CUST0408,5,710.2,Clothing,3,186,0,0.20309448868701488,1.1386595422978232,-2.130846482763078
CUST0409,12,466.99,Beauty,4,185,1,0.973138565536676,0.13140563285730691,-0.027535639247209025
CUST0410,14,21.94,Books,1,205,1,-0.04481732412566883,-0.6271028594148476,1.7699602218306651
CUST0411,10,135.0,Beauty,4,260,3,-0.6018417597737,0.3631117253970937,0.8740731440756186
CUST0412,13,225.43,Electronics,0,214,1,0.390716566123272,-0.12017253519755017,1.0075812538662412
CUST0413,12,265.18,Groceries,2,256,3,0.2721319771170659,0.3852040658772463,0.8686608474996401
CUST0414,8,284.1,Electronics,0,135,2,-0.4874068371301597,-0.26943897441171916,-0.4902800776746384
CUST0415,13,345.72,Groceries,2,61,1,0.8744438529946553,-1.2046779879403233,0.007056776781224685
CUST0416,12,231.39,Books,1,363,3,0.09813846665106503,1.2296613195128707,1.4194625715731075
CUST0417,11,253.67,Clothing,3,310,3,-0.020917067344190403,0.904167791897379,0.9319513450194237
CUST0418,14,483.72,Beauty,4,88,1,1.5321567445401418,-0.8245209336817725,-0.08916040379617604
CUST0419,13,309.83,Sports,5,324,3,0.6007281233907089,0.9515451257911471,1.221364668252716
CUST0420,8,87.49,Beauty,4,207,3,-1.1720351018767237,0.0016770680174616954,0.39474591656599645
CUST0421,14,271.62,Books,1,129,1,0.8154210891910684,-0.8412589966601597,0.7110758945417232
CUST0422,11,225.93,Electronics,0,311,3,-0.11206014912751439,0.8651969554893968,1.01823201784731
CUST0423,11,33.97,Sports,5,3,2,-0.5552944054676988,-2.0598093545244915,0.2884018548262394
CUST0424,13,282.25,Clothing,3,242,1,0.5595175713967205,0.21301171770708172,0.9574581758465036
CUST0425,13,99.13,Books,1,121,1,0.033816561966562055,-1.1201497460647276,0.9893847990852137
CUST0426,18,488.65,Sports,5,102,1,2.433243326380377,-1.0313207921839629,0.7483857366920355
CUST0427,12,342.19,Books,1,38,1,0.6532812372653852,-1.321323328422145,-0.27769441107325266
CUST0428,8,82.77,Books,1,341,3,-1.2672127216664615,1.1234671323258174,0.9733079809997711
CUST0429,4,473.58,Clothing,3,133,2,-0.7610518732576718,0.37075318462528256,-1.852416400725421
CUST0430,8,628.22,Groceries,2,202,0,0.5959702474049398,0.8835271174495509,-1.2260409326757027
CUST0431,12,204.64,Sports,5,348,3,0.019751772746598163,1.0574740711530182,1.4353996730894354
CUST0432,13,224.88,Clothing,3,21,1,0.5038150256713885,-1.7484418379763735,0.1960184451378677
CUST0433,10,442.18,Books,1,242,3,0.4115581554230675,0.7362546016478326,-0.11054342015681552
CUST0434,12,597.2,Clothing,3,109,0,1.443407874121399,-0.28690292156419517,-0.7329745894121362
CUST0435,9,46.48,Groceries,2,303,3,-1.1397153592374532,0.6577300748239115,1.1188458468161142
CUST0436,12,92.66,Beauty,4,84,1,-0.18860842048644652,-1.359863633309591,0.6543435661161497
CUST0437,5,178.59,Sports,5,83,2,-1.4708488542581462,-0.6382360453479649,-0.9920899486024461
CUST0438,11,194.97,Groceries,2,291,3,-0.20121243149756715,0.6436567916667395,1.0255570739217272
CUST0439,17,433.41,Electronics,0,69,1,2.0492440801010448,-1.3206466697063786,0.5744815249638521
CUST0440,9,599.27,Sports,5,129,0,0.7682621923006815,0.13522122094092076,-1.2496877309135224
CUST0441,9,629.37,Groceries,2,196,0,0.8266279914256603,0.7515844665506868,-1.0564378106196748
CUST0442,15,45.17,Books,1,140,1,0.29303601494279735,-1.2187885923451665,1.6256491396076476
CUST0443,7,124.16,Sports,5,283,3,-1.3209136505862418,0.7884703114836367,0.4081937807834343
CUST0444,11,151.93,Sports,5,312,3,-0.3542032374807136,0.7471762252288113,1.2413703381662569
CUST0445,14,123.71,Clothing,3,234,1,0.27011233472036206,-0.20867550465304932,1.591068478201176
CUST0446,19,341.44,Books,1,23,1,2.2230876255635375,-2.032301989739648,1.0493240809227962
CUST0447,13,371.41,Electronics,0,153,1,0.903532100127005,-0.38505665653160737,0.3186889239630197
CUST0448,6,251.25,Beauty,4,277,3,-1.1258319606445844,1.0383706024344281,-0.19136131095797934
CUST0449,15,233.28,Groceries,2,61,1,0.9540860568509197,-1.5634518946189857,0.7362759883925591
CUST0450,13,184.98,Clothing,3,319,3,0.19617436387908482,0.6960404767706663,1.5696593801242822
CUST0451,5,203.16,Groceries,2,52,2,-1.3721940255958653,-0.8576349249073854,-1.1953949354366962
CUST0452,12,704.94,Electronics,0,344,0,1.6551918594543689,1.8786683911163917,-0.06156384126943654
CUST0453,7,410.71,Electronics,0,153,2,-0.30817924896781906,0.18200329597405238,-0.987293049278124
CUST0454,4,190.77,Sports,5,237,3,-1.7461004051868285,0.7643854478396088,-0.5775430591124892
CUST0455,8,229.79,Electronics,0,311,3,-0.7694568981180377,1.121744704679265,0.41195487156145155
CUST0456,8,347.11,Groceries,2,302,3,-0.38114799625440027,1.2463373349785662,0.026949375318575282
CUST0457,9,82.75,Books,1,32,2,-0.8599968140069952,-1.565297758886803,-0.13029360918142285
CUST0458,11,278.72,Books,1,55,1,0.2126527409540204,-1.2031248320688173,-0.21657965134330498
CUST0459,13,395.03,Sports,5,352,3,0.8621659679735622,1.333225617077467,1.0872809323039625
CUST0460,10,360.07,Beauty,4,36,2,0.26617074419271525,-1.140998714635358,-0.735589939599361
CUST0461,6,126.37,Groceries,2,110,2,-1.4340443338696343,-0.5831302407358092,-0.5255517961545678
CUST0462,11,148.02,Groceries,2,177,1,-0.2866000075666738,-0.3977926922396383,0.6841262312385742
CUST0463,11,29.22,Electronics,0,362,3,-0.7845134376234094,0.959075180854532,1.8150720481625748
CUST0464,8,424.6,Groceries,2,314,3,-0.13535194920466387,1.4799347027583751,-0.15173946386624582
CUST0465,5,905.13,Clothing,3,295,0,0.7744888714455138,2.3908210339023936,-2.2482733701665487
CUST0466,9,110.88,Beauty,4,336,3,-0.9491485488503323,1.0460259578969962,1.0673648559147928
CUST0467,11,529.55,Electronics,0,97,1,1.0063990194645243,-0.4203682879476857,-0.7816826951891568
CUST0468,13,853.31,Clothing,3,213,0,2.4408121758539556,0.9443279876933869,-0.8541803650335152
CUST0469,6,170.29,Sports,5,317,3,-1.4139104685094024,1.2372950970996308,0.2166911422525176
CUST0470,11,230.04,Books,1,137,1,0.004938509095464974,-0.594905840439563,0.27293782674531625
CUST0471,8,302.43,Sports,5,6,2,-0.3507805319929334,-1.3258132395085787,-1.0880394759664578
CUST0472,10,351.95,Books,1,109,2,0.19620855072387558,-0.5393559178716502,-0.4039877497680182
CUST0473,9,314.52,Sports,5,35,2,-0.1052485394813737,-1.1439498689617735,-0.8033320572608619
CUST0474,10,181.57,Groceries,2,39,2,-0.3182675938070127,-1.4207273476439142,-0.19486731901997711
CUST0475,5,390.72,Clothing,3,150,2,-0.8183081481743613,0.2891832352377943,-1.3373657000076393
CUST0476,7,185.04,Books,1,118,2,-1.0239664116555731,-0.4987370900840154,-0.46713053560008067
CUST0477,14,330.37,Electronics,0,261,1,0.9286102653175963,0.37212619165054805,1.0934386409147618
CUST0478,7,244.38,Clothing,3,87,2,-0.8118167661226793,-0.6587203879474779,-0.7733006413981041
CUST0479,11,39.85,Electronics,0,76,1,-0.5795583695379598,-1.4342431138797538,0.5785858201682862
CUST0480,10,582.64,Clothing,3,313,0,0.8277753510214244,1.5749299730363546,-0.22693376883506514
CUST0481,7,151.48,Clothing,3,214,3,-1.1906608172136264,0.25336384448477733,0.0366431322974393
CUST0482,4,621.79,Sports,5,285,0,-0.36775709905988724,1.9056443558329519,-1.6504477198999297
CUST0483,7,515.34,Books,1,239,0,-0.017846444876641863,1.0859281215742227,-0.9344810360055484
CUST0484,12,295.77,Books,1,165,1,0.42615530777771954,-0.3298132623048702,0.3947408573178276
CUST0485,8,365.1,Clothing,3,87,2,-0.19443532778136705,-0.5357491869789907,-0.9321582242450125
CUST0486,14,396.92,Groceries,2,141,1,1.2172765896369513,-0.525963068026633,0.39094381872595585
CUST0487,9,213.7,Groceries,2,160,2,-0.5087541229963791,-0.2622629881462191,0.021615758823292024
CUST0488,10,221.84,Electronics,0,46,2,-0.19098703182622523,-1.2928909583635384,-0.28450994719016187
CUST0489,15,383.46,Electronics,0,112,1,1.4139369680745228,-0.8768019944045284,0.5068611692012573
CUST0490,8,246.39,Sports,5,45,2,-0.5569208871389983,-1.0927367735600018,-0.7579248817938606
CUST0491,15,182.06,Clothing,3,247,1,0.6761692040303262,-0.08267038145138433,1.6715035382644676
CUST0492,11,128.21,Electronics,0,104,1,-0.30780578174799883,-1.0471627595460011,0.43515339926337715
CUST0493,12,337.4,Electronics,0,85,1,0.6096666081962815,-0.9332158990959255,-0.06549274740192107
CUST0494,6,147.22,Beauty,4,134,2,-1.3802739190009732,-0.34513918573065966,-0.4861132994706891
CUST0495,20,456.95,Clothing,3,108,1,2.772861921161032,-1.2015342274167307,1.2640206474661029
CUST0496,14,483.72,Sports,5,18,1,1.5738280517899566,-1.414744051421901,-0.3840997650828689
CUST0497,9,363.1,Electronics,0,94,2,0.018201357563993586,-0.5634617480279197,-0.6984615488685071
CUST0498,9,418.34,Sports,5,150,2,0.16517646833396224,0.003111820449047362,-0.6259345398954897
CUST0499,6,363.87,Books,1,246,3,-0.739767910657671,0.9694330967124858,-0.6551573453838382
CUST0500,19,439.24,Sports,5,289,1,2.3839714319557417,0.3776682013560359,1.8807577713084311
